Liberty State Park NJ ,40.703693,-74.052315,Parks
Honeymoon Island State Park FL ,28.063587,-82.831558,Parks
Kings Island OH ,39.345097,-84.272026,Parks
LEGOLAND Florida Resort FL ,27.988932,-81.691345,Parks
Stone Mountain Park GA ,33.805359,-84.145882,Parks
Williamsbridge Oval NY ,40.877319,-73.878029,Parks
Memorial Skatepark Colorado Springs CO ,38.832462,-104.796875,Parks
Lummus Park Miami Beach FL ,25.781084,-80.130119,Parks
Venice Beach Skatepark CA ,33.987164,-118.475601,Parks
Brooklyn Bridge Park New York ,40.699215,-73.999039,Parks
The High Line NY ,40.747993,-74.00489,Parks
The National Mall Washington ,38.887161,-77.037331,Parks
Universal Orlando Resort FL ,28.474386,-81.468193,Parks
Disney Springs FL ,28.37097,-81.519249,Parks
Magic Kingdom Park FL ,28.417665,-81.581238,Parks
The Battery New York ,40.703564,-74.016678,Parks
Bryant Park New York ,40.753742,-73.983559,Parks
Kona Skate Park Florida ,30.323277,-81.564995,Parks
Whirlpool State Park Niagara Falls NY the US,43.117001,-79.060997,Parks
Bayfront Park Miami FL ,25.775,-80.185997,Parks
David Crockett State Park Lawrenceburg TN the ,35.263,-87.362,Parks
Paul Johns Neighborhood Park Smyrna TN ,35.960777,-86.580948,Parks
Minnehaha Park Minneapolis MN ,44.915001,-93.209999,Parks
Golden Gate Park San Francisco CA ,37.769722,-122.476944,Parks
City Park LA ,30.001667,-90.092781,Parks
Forest Park St Louis MO ,38.638901,-90.284599,Parks
Universal’s Islands of Adventure Orlando FL ,28.47109,-81.471565,Parks
Epcot Orlando FL ,28.374382,-81.549416,Parks
Anza-Borrego Desert State Park Borrego Springs CA ,33.101543,-116.301476,Parks
Temeku Hills Park Temecula CA ,33.525002,-117.112495,Parks
Glacial Lakes State Park Starbuck MN ,45.541313,-95.531502,Parks
Bird Island Reserve Sunset Beach NC ,33.868526,-78.531075,Parks
Hopkinton State Park Hopkinton MA ,42.261456,-71.519447,Parks
Pleasanton Ridge Sunol CA ,37.639378,-121.916069,Parks
Rogers-Lakewood Park Valparaiso IN ,41.516911,-87.065491,Parks
Donald Lamoreaux Park Grand Rapids MI ,43.044846,-85.646042,Parks
McKinney Falls State Park Austin TX ,30.180359,-97.721741,Parks
Redbud Valley Tulsa OK ,36.219463,-95.797997,Parks
Lafayette Park Washington DC ,38.899536,-77.036552,Parks
Walt Disney World Orlando FL ,28.385233,-81.563873,Parks
University Park TX ,32.855038,-96.797592,Parks
Graham Hills Park Mount Pleasant Pleasantville NY ,41.117912,-73.796997,Parks
Talbert Regional Park Costa Mesa CA ,33.646481,-117.94912,Parks
Bithlo Community Park Orlando FL ,28.559692,-81.10202,Parks
Mill Creek Park Youngstown OH ,41.098927,-80.676628,Parks
Edisto Beach State Park Edisto Island SC ,32.510651,-80.286995,Parks
Jacobson Park Lexington KY ,37.987938,-84.419792,Parks
Spring City Park Spring City TN ,35.6889,-84.853401,Parks
Jungle Hut Road Park Palm Coast FL ,29.584776,-81.177689,Parks
Anastasia State Park Augustine FL ,29.875853,-81.280891,Parks
Juno Beach Park Juno Beach FL ,26.89307,-80.05822,Parks
Seward Park Seattle WA ,47.550259,-122.264847,Parks
Northacres Park Seattle WA ,47.72179,-122.327209,Parks
Myrtle Edwards Park Seattle WA ,47.620598,-122.361816,Parks
McCurdy Park Seattle WA ,47.644897,-122.301765,Parks
Me-Kwa-Mooks Park Seattle WA ,47.56345,-122.404251,Parks
Lakeview Park Seattle WA ,47.62212,-122.284554,Parks
Kiwanis Ravine Corridor Trail Seattle WA ,47.664944,-122.401909,Parks
Kinnear Park Seattle WA ,47.627316,-122.366882,Parks
Interlaken Park Seattle WA ,47.635471,-122.308403,Parks
Golden Gardens Park Seattle Seattle WA ,47.689709,-122.402328,Parks
Genesee Park and Playfield Seattle WA ,47.564445,-122.278511,Parks
Green Lake Park Seattle WA ,47.681568,-122.341133,Parks
Gas Works Park Seattle WA ,47.64563,-122.334351,Parks
Frink Park Seattle WA ,47.59922,-122.290833,Parks
Fremont Peak Park Seattle WA ,47.661133,-122.356567,Parks
Hamilton Viewpoint Park Seattle WA ,47.593296,-122.386024,Parks
Chief Sealth Trail Seattle WA ,47.538376,-122.289772,Parks
Leonard Park Speedway IN ,39.785107,-86.253067,Parks
Veterans Park Broomall PA ,39.968761,-75.351059,Parks
Cordelia Park Charlotte NC ,35.238567,-80.816238,Parks
Goodale Park Columbus OH ,39.97504,-83.006912,Parks
Lake Avenue Playground and Beach Seaside Heights NJ ,39.936165,-74.079407,Parks
Scioto Audubon Metro Park Columbus OH ,39.94614,-83.005859,Parks
Roosevelt Park Newton KS ,38.049065,-97.333076,Parks
Denny Blaine Park Seattle WA ,47.620232,-122.280396,Parks
Louis J. Jenn Memorial Park Indianapolis IN ,39.876183,-85.979271,Parks
Lee Road Park Indianapolis IN ,39.86821,-85.997719,Parks
Harrison Community Park Indianapolis IN ,39.853878,-86.004181,Parks
Explorer Park Lawrence IN ,39.848373,-86.035591,Parks
Alexander Park Lawrence IN ,39.845444,-86.015747,Parks
Lt. Jr. Grade Graham Edward Martin Park Indianapolis ,39.786484,-86.174042,Parks
Paul Ruster Park Indianapolis IN ,39.759373,-85.963799,Parks
Oscar Charleston Park Indianapolis IN ,39.810253,-86.116142,Parks
Juan Solomon Park Indianapolis IN ,39.867527,-86.187675,Parks
Perry Park Indianapolis IN ,39.650543,-86.154648,Parks
Little Sugar Creek Greenway Charlotte NC ,35.217571,-80.833,Parks
Meadowood Park Speedway IN ,39.804939,-86.262741,Parks
Krannert Park Indianapolis IN ,39.757313,-86.267448,Parks
Northwestway Park Indianapolis IN ,39.866463,-86.250793,Parks
Alki Beach Park Seattle WA ,47.579098,-122.411263,Parks
Park Road Park Charlotte NC ,35.150837,-80.851662,Parks
William Blair Jr. Park Dallas TX ,32.740562,-96.745956,Parks
The Great Trinity Forest Dallas TX ,32.695732,-96.71917,Parks
Rev Mozel Sanders Park Indianapolis IN ,39.787155,-86.197762,Parks
Reverchon Park Dallas TX ,32.800884,-96.815849,Parks
Chadwick Arboretum Columbus OH ,40.002731,-83.028114,Parks
Lake People Park (Xacua'bs) Seattle WA ,47.56918,-122.291954,Parks
Trammell Crow Park Dallas TX ,32.78968,-96.835114,Parks
Lake Cliff Park Dallas TX ,32.756466,-96.819313,Parks
Turtle Creek Park Dallas TX ,32.809189,-96.801971,Parks
Klyde Warren Park Dallas TX ,32.789364,-96.801781,Parks
Schiller Park Columbus OH ,39.941738,-82.992172,Parks
Eleanor Tinsley Park Houston TX ,29.761671,-95.378052,Parks
San Antonio River Walk Charlotte NC ,29.422743,-98.489265,Parks
South Dallas/Fair Park Dallas TX ,32.779324,-96.744049,Parks
Grand View Park San Francisco CA ,37.756264,-122.471848,Parks
Beer Sheva Park Seattle WA ,47.524395,-122.263405,Parks
Mission Dolores Park San Francisco CA ,37.759773,-122.427063,Parks
Corona Heights Park San Francisco CA ,37.765488,-122.438812,Parks
Glen Canyon Park San Francisco CA ,37.741558,-122.443184,Parks
Duboce Park Dog Play Area San Francisco CA ,37.769562,-122.432487,Parks
Buena Vista Park San Francisco CA ,37.768204,-122.441772,Parks
Bernal Heights Park San Francisco CA ,37.743465,-122.413132,Parks
Balboa Park San Francisco CA ,37.725353,-122.445496,Parks
Angel Island State Park Tiburon CA ,37.86713,-122.430779,Parks
San Francisco Maritime National Historical Park San Francisco CA ,37.807743,-122.424149,Parks
Austin Bluffs Colorado Springs CO ,38.901104,-104.799973,Parks
Monument Valley Park Colorado Springs CO ,38.848572,-104.829117,Parks
Tropical Park Miami FL ,25.731859,-80.324898,Parks
Museum Park Miami FL ,25.784231,-80.187248,Parks
Bayfront Park Miami FL ,25.774948,-80.185989,Parks
Memorial Park Colorado Springs CO ,38.830093,-104.799355,Parks
Mississippi National River and Recreation Area St.Paul MN ,44.926041,-93.118187,Parks
Northeast Park Gibsonville NC ,36.168823,-79.606689,Parks
Alvin Larkins Park Seattle WA ,47.614506,-122.288727,Parks
South Park San Francisco ,37.781372,-122.394241,Parks
Mountain Lake Park Funston Ave San Francisco CA ,37.78775,-122.468773,Parks
John McLaren Park San Francisco CA ,37.719311,-122.419373,Parks
USS San Francisco Memorial San Francisco CA ,37.783085,-122.511177,Parks
Palmer Park Colorado Springs CO ,38.877232,-104.774529,Parks
Denny Park Seattle WA ,47.619053,-122.340935,Parks
Garden Of The Gods Colorado Springs CO ,38.878445,-104.869789,Parks
Washington Park Chicago IL ,41.794552,-87.614731,Parks
Millennium Park Chicago IL ,41.882702,-87.619392,Parks
Marquette Park Chicago IL ,41.765652,-87.699074,Parks
Lincoln Park Chicago IL ,41.925709,-87.633636,Parks
Jackson Park Chicago IL ,41.786259,-87.585022,Parks
Humboldt Park Chicago IL ,41.90284,-87.707062,Parks
Grant Park Chicago IL ,41.876438,-87.618896,Parks
Garfield Park Chicago IL ,41.88131,-87.714775,Parks
Douglas Park Chicago IL ,41.859375,-87.695091,Parks
Columbus Park Chicago IL ,41.874428,-87.768394,Parks
Calumet Park Chicago IL ,41.717983,-87.528458,Parks
East Montlake Park Seattle WA ,47.645924,-122.300499,Parks
Burnham Park Chicago IL ,41.835289,-87.607407,Parks
Hermon Park (Arroyo Seco Park) LA CA ,34.104256,-118.184929,Parks
Santa Monica Los Angeles CA ,34.059761,-118.276802,Parks
Coldwater Canyon Park Beverly Hills CA ,34.090252,-118.411781,Parks
Carkeek Park Seattle WA ,47.711624,-122.372169,Parks
Polliwog Park Manhattan Beach CA ,33.888035,-118.385345,Parks
Rustic Canyon Park Pacific Palisades CA ,34.044598,-118.503288,Parks
Olympic National Park Port Angeles WA ,47.802109,-123.604355,Parks
Garfield Park South Pasadena CA ,34.116539,-118.146835,Parks
Lake Hollywood Park LA CA ,34.125614,-118.334351,Parks
Ravenna Park Seattle WA ,47.672462,-122.308037,Parks
Hancock Park Los Angeles CA ,34.074505,-118.330414,Parks
Brookside Park Pasadena CA LA,34.153351,-118.165794,Parks
Elysian Park Los Angeles CA ,34.086288,-118.237869,Parks
Echo Park Lake Los Angeles CA ,34.075493,-118.260597,Parks
Burke-Gilman Trail Seattle WA ,47.695721,-122.278343,Parks
Discovery Park Seattle WA ,47.655598,-122.410347,Parks
Grand Park Los Aneles CA ,34.056526,-118.247337,Parks
Palisades Park Santa Monica CA ,34.023422,-118.509659,Parks
Tongva Park Santa Monica CA ,34.01112,-118.49324,Parks
El Dorado Nature Center Long Beach CA ,33.809551,-118.086914,Parks
Rincon Park San Francisco ,37.791569,-122.389938,Parks
Kenneth Hahn State Recreation Area Los Angeles CA ,34.007832,-118.364166,Parks
Griffith Park Los Angeles CA ,34.136555,-118.294197,Parks
Fossil Rock Washington ,46.829105,-122.431168,Parks
Fairchild Tropical Botanic Garden Miami FL ,25.676931,-80.272789,Parks
Jungle Island Miami FL ,25.784595,-80.174698,Parks
Monkey Jungle Redland FL ,25.567259,-80.431465,Parks
Lady Bird Johnson Park Washington DC ,38.882164,-77.055725,Parks
Anacostia Park Washington DC ,38.866924,-76.994545,Parks
Meridian Hill Park Washington DC ,38.920822,-77.035713,Parks
Rock Creek Park Washington DC ,38.966816,-77.046265,Parks
Cal Anderson Park Seattle WA ,47.617012,-122.31913,Parks
Flushing Meadows Corona Park Queens NY ,40.739716,-73.840782,Parks
Riverbank State Park NYC ,40.825218,-73.956932,Parks
Van Cortlandt Park Broadway Bronx NY ,40.897934,-73.885948,Parks
Washington Square Park New York NY ,40.730824,-73.99733,Parks
Sequoia National Park California ,36.486366,-118.56575,Parks
Saguaro National Park Arizona ,32.296738,-111.166618,Parks
Chilhowee Park & Exposition Center Knoxville TN ,36.00116,-83.882088,Parks
Mohican State Park Loudonville OH ,40.609264,-82.265182,Parks
Malabar Farm State Park Lucas OH ,40.652245,-82.399094,Parks
Colman Park Seattle WA ,47.58646,-122.290047,Parks
City Hall Park Seattle WA ,47.601982,-122.330429,Parks
Piedmont Park Atlanta GA ,33.788181,-84.371338,Parks
Kubota Garden Seattle WA ,47.513157,-122.266281,Parks
Kobe Terrace Seattle WA ,47.60004,-122.325081,Parks
Percy Warner Park Nashville TN ,36.068169,-86.883636,Parks
Centennial Park Nashville TN ,36.149025,-86.811989,Parks
Franklin Park Boston MA ,42.303909,-71.094444,Parks
Rio Bosque Wetlands Park Trails El Paso TX ,31.635391,-106.307762,Parks
Memorial Park El Paso TX ,31.79052,-106.455215,Parks
Keystone Heritage Park and the El Paso Desert Botanical Garden El Paso TX ,31.820572,-106.56353,Parks
Franklin Mountains State Park El Paso TX ,31.855923,-106.493179,Parks
Curtis Park Denver CO ,39.761681,-104.97594,Parks
Bluff Lake Nature Center Denver CO ,39.758492,-104.85717,Parks
Civic Center Park Denver CO ,39.739433,-104.988853,Parks
Red Rocks Colorado Morrison CO ,39.666508,-105.207451,Parks
Lookout Mountain Park Golden CO ,39.73291,-105.238922,Parks
Echo Lake Park Evergreen CO ,39.660355,-105.598137,Parks
Dedisse Park Evergreen CO ,39.63261,-105.335075,Parks
Bergen Park CO ,39.694454,-105.357758,Parks
Woodland Park Seattle WA ,47.668442,-122.344337,Parks
West Montlake Park Seattle WA ,47.64603,-122.309448,Parks
Westlake Park Seattle WA ,47.610954,-122.337013,Parks
Waterfront Park Seattle WA ,47.607185,-122.341995,Parks
Washington Park Arboretum Washington ,47.639793,-122.294472,Parks
Volunteer Park Seattle WA ,47.630535,-122.314934,Parks
Viretta Park Seattle WA ,47.61924,-122.282158,Parks
Victor Steinbrueck Park Seattle WA ,47.610149,-122.343796,Parks
Union Bay Natural Area Seattle WA ,47.655842,-122.293068,Parks
Tilikum Place Seattle WA ,47.618462,-122.347473,Parks
Terry Pettus Park Seattle WA ,47.636753,-122.32933,Parks
Lake Union Park Seattle WA ,47.627098,-122.337128,Parks
Seattle Center Monorail Seattle WA ,47.617004,-122.343506,Parks
Schmitz Park Creek Trail Seattle WA ,47.574352,-122.400528,Parks
Roanoke Park Seattle WA ,47.643578,-122.320183,Parks
Dr. Jose Rizal Park Seattle WA ,47.593178,-122.318726,Parks
Peace Park Seattle WA ,47.655724,-122.319443,Parks
Oxbow Park Seattle WA ,47.544964,-122.321602,Parks
Olympic Sculpture Park Seattle WA ,47.616512,-122.355507,Parks
Occidental Square Park Seattle WA ,47.600506,-122.333221,Parks
North Passage Point Park Seattle WA ,47.654125,-122.321976,Parks
Montlake Playfield Seattle WA ,47.641953,-122.309174,Parks
Matthews Beach Park Seattle WA ,47.695797,-122.274033,Parks
Warren G. Magnuson Park Seattle WA ,47.682354,-122.256783,Parks
Madrona Park Seattle WA ,47.610378,-122.283661,Parks
Madison Park Seattle WA ,47.635647,-122.27726,Parks
Lincoln Park Seattle WA ,47.529198,-122.396774,Parks
Leschi Park Seattle WA ,47.600777,-122.288071,Parks
Kerry Park Seattle WA ,47.629486,-122.359909,Parks
Jefferson Park Seattle WA ,47.568794,-122.31031,Parks
Jack Block Park Seattle WA ,47.584839,-122.377235,Parks
Hing Hay Park Seattle WA ,47.59853,-122.325371,Parks
Freeway Park Seattle WA ,47.609306,-122.330902,Parks
Fauntleroy Park Seattle WA ,47.521023,-122.383171,Parks
Fairview Park Seattle WA ,47.647655,-122.324921,Parks
Sarah T. Bolton Park Beech Grove IN ,39.726284,-86.093697,Parks
South Grove Park Beech Grove IN ,39.706562,-86.090889,Parks
Hornet Park Beech Grove IN ,39.710564,-86.081154,Parks
Woolens Gardens IN ,39.864368,-86.056435,Parks
Upper Fall Creek Indianapolis ,39.893021,-85.997917,Parks
Friedman Park Indianapolis IN ,39.861336,-86.160629,Parks
Cloverleaf Conservation Area Indianapolis IN ,39.763229,-86.309662,Parks
WISH Park Indianapolis IN ,39.886436,-86.203873,Parks
Wes Montgomery Park Indianapolis IN ,39.820152,-86.076729,Parks
Spades Park Indianapolis IN ,39.785656,-86.127892,Parks
Robey Park Indianapolis IN ,39.699757,-86.325714,Parks
Gustafson Park Indianapolis IN ,39.809978,-86.257942,Parks
Grassy Creek Regional Park Indianapolis IN ,39.814518,-85.977783,Parks
Franklin Township Community Park Indianapolis IN ,39.680199,-86.01088,Parks
Dubarry Park Indianapolis IN ,39.820763,-86.016357,Parks
Carson Park Indianapolis IN ,39.686787,-86.269249,Parks
JTV Hill Park Indianapolis IN ,39.792171,-86.136986,Parks
Glenns Valley Nature Park Indianapolis IN ,39.646454,-86.194168,Parks
Douglass Park Indianapolis IN ,39.803837,-86.132103,Parks
Christian Park Indianapolis IN ,39.760815,-86.095886,Parks
Holliday Park Indianapolis IN ,39.870998,-86.162727,Parks
Washington Park Indianapolis IN ,39.815372,-86.114655,Parks
Ellenberger Park Indianapolis IN ,39.776558,-86.076057,Parks
Brookside Park Indianapolis IN ,39.790951,-86.107094,Parks
Broad Ripple Park Indianapolis IN ,39.871616,-86.130249,Parks
Garfield Park Indianapolis IN ,39.733101,-86.146332,Parks
Eagle Creek Park Indianapolis IN ,39.876614,-86.29615,Parks
White River State Park Indianapolis ,39.766693,-86.171074,Parks
Windsor Village Park Indianapolis IN ,39.804073,-86.055527,Parks
University Park Indianapolis IN ,39.771854,-86.157013,Parks
Military Park Indianapolis IN ,39.770573,-86.168907,Parks
Municipal Rose Garden Dana Ave San Jose CA ,37.331764,-121.928696,Parks
Rosicrucian Park San Jose CA ,37.334579,-121.923164,Parks
Raging Waters Park San Dimas CA ,34.091228,-117.812363,Parks
Overfelt Gardens Park San Jose CA ,37.364983,-121.854721,Parks
Martial Cottle Park San Jose CA ,37.262997,-121.837296,Parks
Kelley Park San Jose CA ,37.325382,-121.862961,Parks
Emma Prusch Farm Park San Jose CA ,37.339588,-121.84668,Parks
Ed Levin County Park San Jose CA ,37.454556,-121.850571,Parks
Sanborn County Park Saratoga CA ,37.234882,-122.062004,Parks
Henry W. Coe State Park Morgan Hill CA ,37.191441,-121.435883,Parks
Joseph D. Grant County Park Mt Hamilton CA ,37.34,-121.721878,Parks
Sierra Azul Open Space Preserve Los Gatos CA ,37.196629,-121.934425,Parks
Almaden Quicksilver County Park San Jose CA ,37.189587,-121.834602,Parks
McCommas Bluff Preserve Dallas TX ,32.701607,-96.699905,Parks
Joppa Preserve Dallas TX ,32.697018,-96.731819,Parks
Katy Trail Dallas TX ,32.801212,-96.807671,Parks
Chollas Lake Recreation Center San Diego CA ,32.737335,-117.071655,Parks
Amici Park San Diego CA ,32.723118,-117.166321,Parks
Torrey Pines State Natural Reserve La Jolla CA ,32.92165,-117.253532,Parks
San Dieguito River Park Escondido CA ,33.042442,-117.040581,Parks
Pantoja Park San Diego CA ,32.713207,-117.168007,Parks
Presidio Park San Diego CA ,32.757767,-117.193863,Parks
Mission Bay San Diego CA ,32.777813,-117.226456,Parks
Chicano Park San Diego CA ,32.700893,-117.143127,Parks
Balboa Park San Diego CA ,32.730831,-117.142586,Parks
McGovern Centennial Gardens Houston TX ,29.721565,-95.38797,Parks
Black Mountain Open Space Park San Diego CA ,32.937199,-117.12717,Parks
Alexander Deussen Park Houston TX ,29.909599,-95.154816,Parks
South Mountain Park Phoenix AZ ,33.335403,-112.078743,Parks
Dwight D Eisenhower Park Houston TX ,29.904533,-95.149651,Parks
Houston Arboretum & Nature Center Houston TX ,29.765205,-95.452065,Parks
Houston Sports Park Houston TX ,29.637964,-95.395935,Parks
Moody Park Houston TX ,29.792202,-95.364891,Parks
Independence Park Pearland TX ,29.543247,-95.267288,Parks
Watkins Park Indianapolis IN ,39.79948,-86.171173,Parks
Market Square Park Houston TX ,29.762753,-95.362518,Parks
Bear Creek Pioneers Park Houston TX ,29.827461,-95.616844,Parks
George Bush Park/Eldridge Houston TX ,29.748425,-95.677353,Parks
Discovery Green Houston TX ,29.753281,-95.359467,Parks
Sesquicentennial Park Houston TX ,29.764309,-95.365463,Parks
Tranquility Park Houston TX ,29.761253,-95.368813,Parks
Memorial Park Houston TX ,29.76799,-95.446426,Parks
Lake Houston Wilderness Park New Caney TX ,30.121372,-95.158844,Parks
Terry Hershey Park Houston TX ,29.761581,-95.601418,Parks
Hermann Park Houston TX ,29.716131,-95.388718,Parks
Hippie Hollow Park Austin TX ,30.413155,-97.884064,Parks
Fairmount Park Philadelphia PA ,39.988503,-75.195396,Parks
Genesee Park Golden CO ,39.711502,-105.303627,Parks
Thatcher Park Indianapolis IN ,39.770756,-86.240608,Parks
Rhodius Park Indianapolis IN ,39.754463,-86.19268,Parks
City Park Denver CO ,39.744137,-104.95005,Parks
Cheesman Park Denver CO ,39.733513,-104.965172,Parks
Washington Park Denver CO ,39.698399,-104.965202,Parks
Sue Bierman Park San Francisco CA ,37.796017,-122.396011,Parks
Paintbrush Park Castle Rock CO ,39.39661,-104.90271,Parks
Grand Canyon South Rim Grand Canyon Village AZ ,36.056198,-112.125198,Parks
Pope Duval Park Jacksonville FL ,30.308069,-81.894897,Parks
Del Aire Park Hawthorne CA ,33.917652,-118.374596,Parks
Spring Garden Park Portland Oregon ,45.461758,-122.711456,Parks
Taylor Park Millburn NJ ,40.72197,-74.305634,Parks
Petco Park CA ,32.707535,-117.157516,Parks
Civic Space Park Phoenix Arizona ,33.453388,-112.074623,Parks
East Tennessee Renaissance Festival College Grove TN ,35.948612,-84.527847,Parks
Scranton Flats Cleveland OH ,41.488136,-81.694397,Parks
Woodland Park Zoo Seattle WA ,47.668392,-122.350868,Parks
Matzke Park Houston TX ,29.966211,-95.582405,Parks
Castine Center Pelican Park Mandeville Louisiana ,30.353298,-90.023056,Parks
Bowie Nature Park Fairview TN ,35.969864,-87.135895,Parks
Oconee State Park Mountain Rest SC ,34.868675,-83.10553,Parks
Cedar Point Sandusky OH ,41.482265,-82.68351,Parks
Grand Park Los Angeles CA ,34.056458,-118.247131,Parks
Jackson LA ,30.837404,-91.217606,Parks
Lake Catherine State Park Hot Springs AR ,34.426571,-92.925087,Parks
Dick Nichols District Park Austin TX ,30.212498,-97.860741,Parks
Yellowstone National Park Wyoming ,44.436966,-110.582542,Parks
Sunset Park Rock Island IL ,41.490509,-90.601089,Parks
Lone Mesa State Park Egnar CO ,37.752369,-108.463211,Parks
Civic Center Park Denver CO ,39.739319,-104.988937,Parks
Fonner Park Grand Island NE ,40.90205,-98.328606,Parks
Island Oasis Water Park Grand Island NE ,40.909142,-98.33683,Parks
Centennial Park Nashville TN ,36.149937,-86.812866,Parks
Lilly Recreation Park Indianapolis IN ,39.736557,-86.178955,Parks
Fremont Peak State Park San Juan Bautista CA ,36.760174,-121.502861,Parks
The Ellipse Washington DC ,38.894207,-77.035507,Parks
Warrior AL ,33.814266,-86.809441,Parks
Golden Bike Park Golden CO ,39.780689,-105.187851,Parks
Breezy Point Tip Queens NY ,40.550983,-73.937561,Parks
Liberty Park Salt Lake City UT ,40.746445,-111.874916,Parks
Bywaters Park Paris TX ,33.658924,-95.555519,Parks
Columbus Park New York NY ,40.715054,-74.000084,Parks
Loma Ridge California ,33.746609,-117.721596,Parks
Disneyland Park Anaheim CA ,33.812511,-117.918976,Parks
Bear Lake Trail CO ,40.312912,-105.6464,Parks
Barranca Park Covina CA ,34.077431,-117.88279,Parks
Belle Isle Park Detroit MI ,42.337708,-82.999336,Parks
Central Park New York ,40.785091,-73.968285,Parks
Santa Rosa NM ,34.938671,-104.682487,Parks
Ned Brown Preserve Elk Grove Village IL ,42.035522,-88.009071,Parks
Prospect Park Brooklyn NY ,40.665535,-73.969749,Parks
San Juan National Forest Bayfield CO ,37.546482,-107.76403,Parks
Ramsey Lake State Park Ramsey Illinois ,39.169376,-89.134872,Parks
Mianus River Park Stamford CT ,41.085815,-73.587387,Parks
Boom Island Minneapolis Minnessota ,44.991817,-93.268135,Parks
Longmire WA ,46.749271,-121.823273,Parks
Fairmount Park Philadelphia PA ,39.986855,-75.196442,Parks
Olin Park Madison WI ,43.053619,-89.377808,Parks
Coskata-Coatue Wildlife Refuge Nantucket MA ,41.361347,-70.019302,Parks
Parque Zaragoza Neighborhood Park Austin TX ,30.262075,-97.712646,Parks
East Montlake Park Seattle WA ,47.66354,-122.269333,Parks
Little Missouri National Grassland Medora ND ,47.241947,-103.471985,Parks
Palmer Park Colarado Springs CO ,38.868717,-104.761894,Parks
Corona Heights Park San Francisco CA ,37.765678,-122.438713,Parks
Park Rapids MN ,46.92218,-95.058632,Parks
Volunteer Park Seattle WA ,47.630127,-122.314636,Parks
Lions Park Del City OK ,35.442245,-97.449524,Parks
Westvale Park New Jersey ,40.991577,-74.021049,Parks
Barrow Preserve Austin TX ,30.376207,-97.76635,Parks
Coastal Peak Park Newport Beach CA ,33.605217,-117.803665,Parks
Coronado National Forest AZ ,31.738169,-110.759911,Parks
Pecos National Historical Park NM ,35.547871,-105.683846,Parks
Alum Rock Park San Jose CA ,37.39687,-121.802277,Parks
Mueller State Park Colorado ,38.897446,-105.156326,Parks
Cooper Creek Park Columbus Georgia ,32.509518,-84.910194,Parks
Wildwood Park Appling GA ,33.661495,-82.288284,Parks
Kensington Metropark Michigan ,42.551056,-83.636337,Parks
Brywood Park Irvine CA ,33.714058,-117.76812,Parks
Lurie Garden Chicago Illinois ,41.882599,-87.62051,Parks
Parkers Lake Park Plymouth MN ,44.994427,-93.474854,Parks
Harriman State Park NY ,41.29232,-74.078911,Parks
Yellowstone National Park WY ,44.446037,-110.587349,Parks
Interstate State Park Taylors Falls MN ,45.394592,-92.659721,Parks
Boston Town Park NY ,42.661232,-78.745193,Parks
Belle Isle Park Detroit MI ,42.34256,-82.971237,Parks
Pastorius Park Philadelphia PA ,40.071899,-75.205963,Parks
Kelly Park Merritt Island Florida ,28.401159,-80.663902,Parks
Natchez Trace Parkway Colbert Ferry Park Cherokee AL ,34.836067,-87.949074,Parks
Lost Mountain Park Dallas ,33.940369,-84.692894,Parks
Ten Mile River Scout Camp NY ,41.576096,-74.950729,Parks
Knights Hill Nature Park New London NH ,43.414139,-72.003197,Parks
Wild Horse Creek Park Georgia ,33.877899,-84.663971,Parks
Bowling Green KOA Bowling Green KY ,36.918682,-86.436348,Parks
Santa Fe Village Park Albuquerque NM ,35.149811,-106.716591,Parks
White River State Park Indianapolis ,39.76606,-86.171417,Parks
Eagle Creek Park Indianapolis ,39.867588,-86.300438,Parks
Garfield Park Indianapolis ,39.733032,-86.146011,Parks
James H. (Sloppy) Floyd State Park GA the US,34.349655,-85.32711,Parks
Lefferson Park Middletown OH the US,39.492912,-84.35094,Parks
Mayfield Consumer Products KY ,36.72752,-88.661621,Companies
Uber HQ San Francisco CA ,37.775593,-122.418137,Companies
Twitter HQ San Francisco CA ,37.776463,-122.417213,Companies
Tesla Giga Texas TX ,30.222296,-97.617134,Companies
Googleplex Mountain View CA ,37.422131,-122.084801,Companies
Southern Handling Systems AL ,32.360279,-86.264862,Companies
Fairchild Communication Systems Inc.,39.814957,-86.044823,Companies
Lifestyle Group Indianapolis ,39.731449,-86.056862,Companies
Breiner Company Incorporated Avon ,39.758938,-86.388336,Companies
Howells Carpet Cleaning Milwaukie ,45.454582,-122.585197,Companies
Brighton Sound Rochester NY ,43.156544,-77.662399,Companies
CowTown Range Peoria AZ ,33.798878,-112.283524,Companies
REI Holdings Lehi Utah ,40.183662,-111.624634,Companies
Industrial Uniform Company LLC Wichita Kansas ,37.748886,-97.236412,Companies
Jerome Bettis' Grille 36 Pittsburgh PA ,40.445801,-80.011337,Companies
Jeff The Barber West St Paul MN ,44.918144,-93.102173,Companies
Google Inc. Mountain View CA ,37.419857,-122.078827,Companies
SD Event Limo San Diego CA ,32.91267,-117.13665,Companies
Banyan Tree Cleveland OH ,41.481369,-81.686844,Companies
Prime Steamers Coral Springs FL ,26.243065,-80.256462,Companies
Arrow Financial Co Rancho Cucamonga CA ,34.106354,-117.593147,Companies
Maxwell Self Storage Montgomery Alabama ,32.374996,-86.343567,Companies
Netlancers Inc Sunnyvale CA ,37.383999,-122.012772,Companies
Fortis El Dorado Hills CA ,38.638569,-121.070671,Companies
Peco Foods Inc. Pocahontas AR ,36.213703,-90.956673,Companies
Capitol Beverage Pilsner Pl Charleston WV ,38.464436,-81.65583,Companies
Office of Dr. Barry Triestman D.C. Truckee CA ,39.33532,-120.159554,Companies
Cogneesol New York NY ,40.707088,-74.010086,Companies
Fence Factory Rentals Ventura CA ,34.260361,-119.240837,Companies
Mark's Feed Store Middletown Louisville ,38.244705,-85.544106,Companies
Rockon I.T Rancho Cucamonga CA ,34.106453,-117.593094,Companies
Darrell Walker Workforce Birmingham AL ,33.611523,-86.626358,Companies
River Region Pest Control Wetumpka Alabama ,32.529503,-87.287727,Companies
ROCKET SCIENCE Car & Bike Marietta GA ,33.964352,-84.414909,Companies
Denali's Cache Denali National Park and Preserve AK ,63.749084,-148.899414,Companies
Hot 2 Cold Tampa FL ,27.932508,-82.353127,Companies
Uncle Mick's Cajun Market & Cafe Prattville Alabama ,32.460007,-86.474098,Companies
Bizeeo Marketing Agency Montgomery Alabama ,32.357914,-86.262428,Companies
Peachtree Wrecker Service Norcross GA ,33.973171,-84.210693,Companies
Integrated Technical Solutions Murrysville PA ,40.426163,-79.695366,Companies
Solution Bail Bonds Oxnard CA ,34.195793,-119.178833,Companies
Freeman Webb Company Nashville TV ,36.108536,-86.820091,Companies
Auxilium Technology Inc Rockville MD ,39.091618,-77.204269,Companies
DuctTesters Inc. Ripon CA ,37.739227,-121.127174,Companies
Germaine's Luau Kapolei HI ,21.296249,-158.105545,Companies
Anvil International Orlando FL ,28.448034,-81.381546,Companies
Brooklyn Car Accident Lawyer Brooklyn NY ,40.693344,-73.990974,Companies
White Ridge Trail Head Rio Rancho New Mexico ,35.498592,-106.841446,Companies
Achieve More Online LLC Orlando Florida ,28.523706,-81.179626,Companies
United Locksmith - Norcross Georgia ,33.954544,-84.208336,Companies
Absolute Staffers LLC - Fulton MD ,39.148766,-76.906113,Companies
Eglin AFB FL ,30.461399,-86.55201,Companies
Stewart ANGB Newburgh NY ,41.503754,-74.082413,Companies
Avalon Medical Spa Miami Florida ,25.76643,-80.189888,Companies
NextPhaseMD Hartsville SC ,34.374977,-80.074203,Companies
Nine Mile Point Vol. Fire Co. Station 78 Westwego LA ,29.932999,-90.158684,Companies
ConXis Insurance Services Inc. Anaheim Hills California ,33.860897,-117.814026,Companies
Joe Vinny and Bronsons Bohemian Cafe El Paso TX ,31.782553,-106.461334,Companies
Automotive Custom Wheels and Discount Tires Long Beach CA ,33.875324,-118.160683,Companies
VerifyProtect.com Newtown Square PA ,39.985123,-75.399826,Companies
Laser Service Solutions Northeast NJ ,39.836121,-75.194473,Companies
I.S. Partners LLC Horsham PA ,40.199139,-75.159859,Companies
DataNOC datacenter Rancho Cordova CA ,38.576435,-121.307175,Companies
Cycledrome Bicycle SHop Breinigsville PA ,40.542892,-75.613525,Companies
Great Valley Lockshop Malvern PA ,40.038582,-75.557594,Companies
Delicate Smiles Dental Aurora CO ,39.726345,-104.786995,Companies
Briglia Dental Group West Chester PA ,39.970345,-75.600815,Companies
Thomas Piano Service Montgomery AL ,32.161743,-86.113594,Companies
E-Tech Repair & Device Specialst Columbus GA ,32.541698,-84.950447,Companies
Eurobahn BMW MINI Mercedes-Benz Aud Greensboro NC ,36.070488,-79.909615,Companies
Barker Air Conditioning & Heating Inc. Sebastian FL ,27.809856,-80.466927,Companies
Emission Time South Salt Lake Utah ,40.717674,-111.88884,Companies
Spireon Office Reynolds Irvine CA ,33.693489,-117.85006,Companies
Aapco Screen Printing Binghamton NY ,42.104252,-75.932274,Companies
Cogneesol Pvt. Ltd. Victorville CA ,34.485432,-117.420395,Companies
SMILE media Dover NH ,43.14349,-70.867455,Companies
Enterprise Chaco Plant Bloomfield NM ,36.483452,-108.120369,Companies
Elite Strategies Delray Beach FL ,26.43926,-80.082474,Companies
Capital Rug Cleaning Severna Park MD ,38.800068,-77.163513,Companies
NRCS Stanton Stanton NE ,41.948967,-97.225487,Companies
Dr. McGarrah’s Office Euless TX ,32.855022,-97.107559,Companies
Ideal Meat J&L Inc. Beech Grove IN ,39.885838,-86.234276,Companies
SPUR San Francisco CA ,37.787125,-122.401154,Companies
CARDL Training & Testing LLC. MI ,43.4636,-83.888695,Companies
Tech Liminal Oakland CA ,37.80341,-122.274666,Companies
Uk Universal Groups Bedford TX ,32.851528,-97.124809,Companies
Scissortail Provisions Owasso Oklahoma ,36.274361,-95.855286,Companies
Superstition Springs Lexus AZ ,33.385654,-111.698074,Companies
Baytown Nissan Baytown TX ,29.807112,-94.973381,Companies
Central Houston Nissan South Man Houston TX ,29.676817,-95.422913,Companies
MCAS Miramar (NKX) San Diego CA ,32.887299,-117.119843,Companies
Hurley Marine Inc. Escanaba MI ,45.733051,-87.062416,Companies
Larson Waste Snowflake AZ ,34.514591,-110.103378,Companies
TheWorldByOwner Sarasota Florida ,27.336214,-82.526733,Companies
Leviathan Inc. Fairview Oklahoma ,36.289135,-98.487251,Companies
MPR Associates Inc East Lyme CN ,41.363602,-72.208786,Companies
Roush Industries Livonia MI ,42.373623,-83.402603,Companies
Michigan Assembly Plant Wayne MI ,42.277214,-83.41362,Companies
ARCH Air Medical Services Inc Saint Louis MO ,38.625294,-90.214264,Companies
Naughton Energy Corporation Pocono Pines PN ,41.104275,-75.4701,Companies
Orlando Roofing Group Orlando ,28.511604,-81.377823,Companies
AgileInfoways Duluth MN ,33.999443,-84.089508,Companies
Web Design Beast LLC San Jose CA ,37.261414,-121.923691,Companies
Factory UTV Rosemont CA ,38.539616,-121.356407,Companies
Studio 40 Kendall FL ,25.689157,-80.391006,Companies
Tong Aircraft Services Inc. Fort Lauderdale FL ,26.118587,-80.134544,Companies
Kendall Volkswagen Anchorage Alaska ,61.215229,-149.876648,Companies
THE HIGHLAND PSYCH collaborative Atkins Park Atlanta GA ,33.772888,-84.350471,Companies
Zupt LLC Northcliffe Manor Houston ,29.943007,-95.517044,Companies
Office 365 Consultant MN ,44.977043,-93.268105,Companies
Deyo's Photography Omaha Nebraska ,41.275925,-96.179352,Companies
Premier Gold and Silver Pawn Shop Buffalo NY ,42.928703,-78.735435,Companies
Derr Jewelry Port Townsend WA,48.113586,-122.757698,Companies
Grizzly Targets Warehouse Tampa FL ,27.979584,-82.518311,Companies
Ki Fitness America Murray Hall Queens NewYork ,40.776253,-73.776016,Companies
Retail Candy Store Copperas Cove TX ,31.112219,-97.908577,Companies
California Countertop Inc. La Mesa CA ,32.772404,-117.029327,Companies
Georgetown Court Indianapolis IN ,39.805271,-86.237427,Companies
Digital Winter LLC - Office 365 Consultants Minneapolis MN ,44.977043,-93.268105,Companies
Ascension Body Art Maryville Illinois ,38.737484,-89.956993,Companies
Shoreline Construction San Clemente CA ,33.424049,-117.610123,Companies
Overbrook Environmental Education Center Philadelphia ,39.983875,-75.244751,Companies
J-26 Web Design Salt Lake City UT ,40.731754,-111.827415,Companies
Clinton IN ,39.656982,-87.398071,Companies
Alpharetta GA ,34.075375,-84.29409,Companies
The University of Southern Mississippi Hattiesburg MS ,31.330957,-89.336098,Companies
BowenWork Energetics 23023 Orchard Lake Rd. Farmington MI ,42.460335,-83.358215,Companies
Viatechnik LLC Chicago Il ,41.88026,-87.632156,Companies
Keller Brothers Ford PA ,40.29311,-76.331917,Companies
Waco TX ,31.559814,-97.1418,Companies
Gacek Design Group Lambertville ,40.375259,-74.959091,Companies
Foreign Auto Hospital PA ,40.107754,-75.041191,Companies
NC Central University Student Government Association Durham ,35.97258,-78.900307,Companies
University of Notre Dame IN ,41.69928,-86.238899,Universities
Vanderbilt University TN ,36.144051,-86.800949,Universities
Georgetown University Washington D.C. ,38.907852,-77.072807,Universities
Washington University in St. Louis MO ,38.648987,-90.312553,Universities
Rice University TX ,29.717154,-95.404182,Universities
Boston University MA ,42.350876,-71.106918,Universities
Carnegie Mellon University PA ,40.443336,-79.944023,Universities
University of Southern California CA ,34.022415,-118.28553,Universities
Cornell University NY ,42.454323,-76.475266,Universities
Emory University GA ,33.797028,-84.323242,Universities
New York University NY ,40.729675,-73.996925,Universities
University of California Berkeley CA ,37.87196,-122.259094,Universities
Dartmouth College NH ,43.70454,-72.288986,Universities
Duke University NC ,36.001465,-78.939133,Universities
Columbia University NY ,40.807384,-73.963036,Universities
Washington and Lee University VA ,37.789913,-79.446465,Universities
Princeton University NJ ,40.343899,-74.660049,Universities
University of Delaware DE ,39.677956,-75.7509,Universities
Moravian University PA ,40.630978,-75.381493,Universities
University of Pennsylvania PA ,39.952305,-75.193703,Universities
William & Mary Williamsburg VA ,37.271133,-76.716614,Universities
St. John's College Annapolis MD ,38.981941,-76.491806,Universities
Yale University New Haven CT ,41.316307,-72.922585,Universities
The University of Florida FL ,29.643946,-82.355659,Universities
Grambling State University LA ,32.520962,-92.719879,Universities
Johns Hopkins University Baltimore MD ,39.328888,-76.620277,Universities
Utah Valley University Orem UT ,40.277779,-111.71389,Universities
Indiana University of Pennsylvania Indiana PA the ,40.617001,-79.160004,Universities
University of Illinois Champign - Urbana Ilinois the US,40.110558,-88.228333,Universities
Massachusetts Institute of Technology MA ,42.360001,-71.092003,Universities
Stanford University CA ,37.42823,-122.168861,Universities
Harvard University Cambridge MA ,42.374443,-71.116943,Universities
California Institute of Technology CA ,34.138,-118.125,Universities
The University of Chicago IL ,41.789722,-87.599724,Universities
Eastern University St Davids PA ,40.051529,-75.370407,Universities
University of Michigan Ann Arbor MI ,42.278046,-83.73822,Universities
The University of Massachusetts Amherst MA ,42.391155,-72.526711,Universities
Penn State University State College PA ,40.798214,-77.859909,Universities
Lawrence University Appleton WI ,44.260445,-88.397713,Universities
Quinnipiac QU School of Law Hamden CT US,41.42144,-72.894005,Universities
Towsley Center for Continuing Medical Education Ann Arbor MI US,42.283833,-83.728043,Universities
Villanova University Villanova PA ,40.034901,-75.337349,Universities
Boise State University Boise ID US,43.6036,-116.20871,Universities
University of Washington Seattle WA ,47.655548,-122.3032,Universities
University of North Carolina at Chapel Hill Chapel Hill NC ,35.904613,-79.046761,Universities
Madonna University Livonia MI ,42.384148,-83.402824,Universities
University of California Santa Barbara CA ,34.413963,-119.848946,Universities
University of California CA ,37.871853,-122.258423,Universities
Brown University Providence RI ,41.82682,-71.402931,Universities
Arizona State University Tempe ,33.424564,-111.928001,Universities
University of Arizona Tucson AZ ,32.248814,-110.987419,Universities
The University of Alabama Tuscaloosa AL ,33.215775,-87.538261,Universities
University of Nebraska Lincoln NE ,40.820744,-96.70047,Universities
Texas Tech University Law Library Texas Tech University Lubbock TX ,33.579166,-101.886909,Universities
University of Central Missouri Warrensburg MO ,38.758034,-93.739136,Universities
The University of Georgia Athens GA ,33.948006,-83.377319,Universities
Texas A&M University ,30.615011,-96.342476,Universities
San Diego State University San Diego CA ,32.774799,-117.071869,Universities
The University of Texas At El Paso Texas ,31.773088,-106.50573,Universities
The University of Oklahoma Norman OK ,35.205894,-97.445717,Universities
Dixie State University St. George UT ,37.105045,-113.564835,Universities
Auburn University Auburn AL ,32.593357,-85.495163,Universities
The University of Virginia Charlottesville VA ,38.033554,-78.50798,Universities
University of Houston-Downtown Houston TX ,29.766083,-95.35881,Universities
University of Puget Sound Tacoma WA ,47.26178,-122.481689,Universities
Michigan State University East Lansing MI ,42.701847,-84.48217,Universities
Lincoln University PA ,39.81012,-75.928314,Universities
Jacksonville University Jacksonville FL ,30.358435,-81.606468,Universities
Texas Woman's University Denton TX ,33.227345,-97.128113,Universities
James Madison University Harrisonburg VA ,38.437424,-78.867912,Universities
Longwood University VA ,37.301304,-78.39621,Universities
University of Miami Coral Gables Florida ,25.717396,-80.27813,Universities
University of Hawaii at Hilo HI ,19.699575,-155.080872,Universities
SDSU: Confucius Institute San Diego CA the US,32.777676,-117.073647,Universities
Northwestern University Evanston IL ,42.055984,-87.67517,Universities
Capitol Reef National Park UT ,38.0896,-111.14991,National Parks
Pinnacles National Park CA ,36.491508,-121.197243,National Parks
Rocky Mountain National Park CO ,40.343182,-105.688103,National Parks
Offshore Trap/Pot Waters Area Western Atlantic Ocean the US,38,-82,National Parks
Steller Sea Lion Protection Area AL the US,57.466667,-153.433334,National Parks
Pacific Remote Islands Marine National Monument the US,16.736944,-169.523895,National Parks
Danville Conservation Area New Florence MO ,38.865097,-91.504852,National Parks
Sand Harbor State Park Incline Village NV ,39.198364,-119.930984,National Parks
White Sands National Park NM the US,32.77972,-106.171669,National Parks
Jackson Hole WY ,43.582767,-110.821999,National Parks
Mojave National Preserve Kelso CA ,35.141689,-115.510399,National Parks
Joshua Tree National Park California ,33.881866,-115.90065,National Parks
Buffalo National River St Joe AR ,35.985512,-92.757652,National Parks
Hot Springs National Park Hot Springs AR ,34.52153,-93.042267,National Parks
Kartchner Caverns State Park Benson AZ ,31.837551,-110.347382,National Parks
Navajo Nation Reservation New Mexico ,36.075321,-109.19693,National Parks
Sipsey Wilderness Mt Hope AL ,34.332035,-87.434799,National Parks
Wrangell-St. Elias National Park & Preserve Alaska ,61.710445,-142.985687,National Parks
Lake Clark National Park and Preserve Port Alsworth AK ,60.412697,-154.323502,National Parks
Katmai National Park and Preserve King Salmon AK ,58.597813,-154.693756,National Parks
Glacier Bay National Park and Preserve Alaska ,58.665806,-136.900208,National Parks
Turtle Mountain ND ,48.852882,-99.803535,National Parks
Odiorne Point State Park Rye NH ,43.049023,-70.720192,National Parks
Channel Islands National Park Ventura CA ,33.998028,-119.772949,National Parks
Maplewood State Park Pelican Rapids MN ,46.520966,-95.951576,National Parks
Bear Butte State Park Sturgis SD ,44.475296,-103.424309,National Parks
Okefenokee National Wildlife Refuge Folkston GA ,30.77323,-82.292732,National Parks
Denali National Park and Preserve Alaska ,63.129887,-151.197418,National Parks
Acadia National Park Maine ,44.338974,-68.27343,National Parks
Topanga State Park Topanga CA ,34.093182,-118.587318,National Parks
Gates of the Arctic National Park and Preserve AK ,67.915199,-153.46373,National Parks
Kaloko-Honokōhau National Historical Park Kailua-Kona HI ,19.678328,-156.020477,National Parks
Pedernales Falls State Park Johnson City TX ,30.308069,-98.257729,National Parks
Whiskeytown National Recreation Area Whiskeytown CA ,40.633495,-122.564247,National Parks
Mesa Verde National Park Mesa Verde CO ,37.230873,-108.461838,National Parks
Arches National Park Utah ,38.733082,-109.592514,National Parks
Mount Rainier National Park Washington ,46.879967,-121.726906,National Parks
Kenai Fjords National Park Alaska ,60.043777,-149.81636,National Parks
Anahuac National Wildlife Refuge Anahuac TX ,29.6103,-94.449081,National Parks
Bandelier National Monument Los Alamos NM ,35.767288,-106.311607,National Parks
Summit Bechtel Reserve Glen Jean WV ,37.916035,-81.123047,National Parks
Yellowstone National Park WY ,44.427895,-110.588379,National Parks
Rothrock State Forest State College PA ,40.720585,-77.826965,National Parks
Great Smoky Mountains National Park Tennessee ,35.611763,-83.489548,National Parks
Zion National Park Utah ,37.297817,-113.02877,National Parks
Yosemite National Park California ,37.865101,-119.53833,National Parks
Yellowstone National Park Wyoming ,44.429764,-110.584663,National Parks
Haleakalā National Park Hawaii ,20.701283,-156.173325,National Parks
Malibu Creek State Park Calabasas CA ,34.105156,-118.731316,National Parks
Manti-La Sal National Forest Price UT ,39.18705,-111.37989,National Parks
Cherry Creek State Park Aurora CO ,39.639973,-104.831863,National Parks
Kissimmee Prairie Preserve State Park Okeechobee FL ,27.612417,-81.053383,National Parks
Garden of Gods Colorado Springs CO ,38.87384,-104.886665,National Parks
Petrified Forest National Park Arizona ,34.909988,-109.806793,National Parks
Fort Berthold Indian Reservation ND ,47.68388,-102.354126,National Parks
Chattahoochee National Forest Suches GA ,34.765972,-84.143517,National Parks
Little Sandy National Wildlife Refuge Lindale TX ,32.590797,-95.273666,National Parks
Siuslaw National Forest Tidewater OR ,44.358715,-123.829994,National Parks
Kings Canyon National Park California ,36.887856,-118.555145,National Parks
Ruffner Mountain Nature Center Birmingham AL ,33.55899,-86.707016,National Parks
Yellowstone National Park WY ,44.427284,-110.584389,National Parks
Kings Mountain State Park Blacksburg SC ,35.130459,-81.345444,National Parks
Honolulu Watershed Forest Preserve Honolulu HI ,21.363251,-157.781265,National Parks
Oleta River State Park North Miami FL ,25.921614,-80.144402,National Parks
Grant Park Chicago IL ,41.876465,-87.621887,National Parks
Wisconsin Interstate State Park ,45.398449,-92.645126,National Parks
Bridge Creek Wildlife Area Ukiah OR ,45.043449,-118.949318,National Parks
Willamette National Forest Blue River OR ,44.060471,-122.091736,National Parks
Golden Gate Canyon State Park CA ,39.814339,-105.395622,National Parks
William F Hayden Green Mountain Park Lakewood CO ,39.702827,-105.175636,National Parks
Cades Cove Great Smoky Mountains National Park Tennessee ,35.59367,-83.824997,National Parks
Lantz Farm and Nature Preserve WV ,39.516754,-80.649948,National Parks
Myakka State Forest Englewood FL ,26.988386,-82.286552,National Parks
Lake Eola Park Orlando FL ,28.545021,-81.372856,National Parks
Gulf State Park Gulf Shores AL ,30.262793,-87.636337,National Parks
Egypt Valley Wildlife Area OH ,40.115486,-81.11409,National Parks
Kennesaw Mountain National Battlefield Park Cobb County Georgia ,33.976376,-84.579163,National Parks
Shenandoah National Park Shenandoah VA ,38.700516,-78.292694,National Parks
Ricketts Glen State Park PA ,41.339184,-76.290436,National Parks
El Dorado State Park Kansas ,37.866047,-96.756935,National Parks
Polihale State Park Waimea HI ,22.079357,-159.761642,National Parks
Lake Wateree State Recreation Area NC ,34.375179,-80.863495,National Parks
Kekaha Kai State Park Kona HI ,19.788027,-156.023453,National Parks
National Bison Range Montana ,47.342545,-114.209747,National Parks
Castlewood Canyon State Park Colorado ,39.319424,-104.730606,National Parks
Hillman State Park Burgettstown PA ,40.453739,-80.400864,National Parks
Little Big Econ State Forest FL the US,28.673721,-81.104507,National Parks
Eagle Bluffs Conservation Area Columbia ,38.848934,-92.431839,National Parks
Everglades National Park Florida ,25.286615,-80.898651,National Parks
Mount Mitchell State Park NC the US,35.768803,-82.306137,National Parks
Mt. Hood National Forest Oregon the US,45.45435,-121.933136,National Parks
Island Park Idaho the US,44.429733,-111.440849,National Parks
Bryce Canyon National Park Utah ,37.593048,-112.187332,National Parks
Mammoth Cave National Park KY ,37.18364,-86.159943,National Parks
Redwood National and State Parks CA ,41.213181,-124.004631,National Parks
Yellowstone National Park ,44.423691,-110.58851,National Parks
